{"cameraMode":{"drawMode":0,"name":"Shaded","section":"Shading Mode"},"sceneLighting":false,"audioPlay":false,"sceneViewState":{"showFog":true,"showMaterialUpdate":false,"showSkybox":true,"showFlares":true,"showImageEffects":true,"showParticleSystems":true},"in2DMode":false,"pivot":{"x":0.3824000358581543,"y":4.891083240509033,"z":0.07192516326904297},"rotation":{"x":-0.5726848840713501,"y":0.04441891238093376,"z":-0.03115115314722061,"w":-0.8179783821105957},"size":55.711883544921878,"orthographic":false}