{"cameraMode":{"drawMode":0,"name":"Shaded","section":"Shading Mode"},"sceneLighting":false,"audioPlay":false,"sceneViewState":{"showFog":true,"showMaterialUpdate":false,"showSkybox":true,"showFlares":true,"showImageEffects":true,"showParticleSystems":true},"in2DMode":false,"pivot":{"x":-0.010026462376117707,"y":-1.2693967819213868,"z":1.7230218648910523},"rotation":{"x":-0.3193105161190033,"y":-0.14118391275405885,"z":0.048126883804798129,"w":-0.93583744764328},"size":5.23405647277832,"orthographic":false}