{"cameraMode":{"drawMode":0,"name":"Shaded","section":"Shading Mode"},"sceneLighting":true,"audioPlay":false,"sceneViewState":{"showFog":true,"showMaterialUpdate":false,"showSkybox":true,"showFlares":true,"showImageEffects":true,"showParticleSystems":true},"in2DMode":false,"pivot":{"x":598.5573120117188,"y":360.8780517578125,"z":-88.21753692626953},"rotation":{"x":-0.036283913999795917,"y":-0.03087693266570568,"z":0.0011207450879737735,"w":-0.9988637566566467},"size":482.18310546875,"orthographic":false}