{"cameraMode":{"drawMode":0,"name":"Shaded","section":"Shading Mode"},"sceneLighting":false,"audioPlay":false,"sceneViewState":{"showFog":true,"showMaterialUpdate":false,"showSkybox":true,"showFlares":true,"showImageEffects":true,"showParticleSystems":true},"in2DMode":false,"pivot":{"x":-0.03353244438767433,"y":-0.02565769851207733,"z":-0.001117423176765442},"rotation":{"x":0.2811049818992615,"y":-0.269118070602417,"z":0.0824548602104187,"w":0.9174729585647583},"size":0.8036465048789978,"orthographic":false}