{"cameraMode":{"drawMode":0,"name":"Shaded","section":"Shading Mode"},"sceneLighting":true,"audioPlay":false,"sceneViewState":{"showFog":true,"showMaterialUpdate":false,"showSkybox":true,"showFlares":true,"showImageEffects":true,"showParticleSystems":true},"in2DMode":false,"pivot":{"x":5.77603816986084,"y":9.451061248779297,"z":-10.169264793395996},"rotation":{"x":0.11024545878171921,"y":0.29750192165374758,"z":-0.034609779715538028,"w":0.9477028846740723},"size":11.160799980163575,"orthographic":false}