{"cameraMode":{"drawMode":0,"name":"Shaded","section":"Shading Mode"},"sceneLighting":true,"audioPlay":false,"sceneViewState":{"showFog":true,"showMaterialUpdate":false,"showSkybox":true,"showFlares":true,"showImageEffects":true,"showParticleSystems":true},"in2DMode":false,"pivot":{"x":3.348048686981201,"y":8.51776123046875,"z":4.902841567993164},"rotation":{"x":0.10558776557445526,"y":-0.1370955854654312,"z":0.014699384570121766,"w":0.9848045110702515},"size":45.376609802246097,"orthographic":false}