{"cameraMode":{"drawMode":0,"name":"Shaded","section":"Shading Mode"},"sceneLighting":false,"audioPlay":false,"sceneViewState":{"showFog":true,"showMaterialUpdate":false,"showSkybox":true,"showFlares":true,"showImageEffects":true,"showParticleSystems":true},"in2DMode":false,"pivot":{"x":0.03142215311527252,"y":-0.02731078863143921,"z":-0.0017805099487304688},"rotation":{"x":0.2811049818992615,"y":-0.269118070602417,"z":0.0824548602104187,"w":0.9174729585647583},"size":0.8059791326522827,"orthographic":false}