{"cameraMode":{"drawMode":0,"name":"Shaded","section":"Shading Mode"},"sceneLighting":true,"audioPlay":false,"sceneViewState":{"showFog":true,"showMaterialUpdate":false,"showSkybox":true,"showFlares":true,"showImageEffects":true,"showParticleSystems":true},"in2DMode":false,"pivot":{"x":10.599674224853516,"y":5.087982654571533,"z":-4.622725486755371},"rotation":{"x":0.24749726057052613,"y":-0.3089730441570282,"z":0.08362247049808502,"w":0.9144878387451172},"size":28.921424865722658,"orthographic":false}