{"cameraMode":{"drawMode":0,"name":"Shaded","section":"Shading Mode"},"sceneLighting":true,"audioPlay":false,"sceneViewState":{"showFog":true,"showMaterialUpdate":false,"showSkybox":true,"showFlares":true,"showImageEffects":true,"showParticleSystems":true},"in2DMode":false,"pivot":{"x":471.7050476074219,"y":254.9004669189453,"z":-90.51568603515625},"rotation":{"x":0.03268503025174141,"y":0.002096620388329029,"z":0.00006776340887881815,"w":-0.9994634985923767},"size":568.05078125,"orthographic":false}