{"cameraMode":{"drawMode":0,"name":"Shaded","section":"Shading Mode"},"sceneLighting":true,"audioPlay":false,"sceneViewState":{"showFog":true,"showMaterialUpdate":false,"showSkybox":true,"showFlares":true,"showImageEffects":true,"showParticleSystems":true},"in2DMode":false,"pivot":{"x":-0.7510938048362732,"y":1.8268274068832398,"z":1.6676737070083619},"rotation":{"x":0.1808868646621704,"y":-0.2707783579826355,"z":0.051882557570934299,"w":0.944069504737854},"size":11.105522155761719,"orthographic":false}