{"cameraMode":{"drawMode":0,"name":"Shaded","section":"Shading Mode"},"sceneLighting":true,"audioPlay":false,"sceneViewState":{"showFog":true,"showMaterialUpdate":false,"showSkybox":true,"showFlares":true,"showImageEffects":true,"showParticleSystems":true},"in2DMode":false,"pivot":{"x":392.8817138671875,"y":322.01446533203127,"z":-61.421356201171878},"rotation":{"x":0.03929915651679039,"y":0.0029928297735750677,"z":-0.00011722985800588503,"w":0.999222993850708},"size":609.121337890625,"orthographic":false}